Placed In,Class 10 Percentage,Class 12 Percentage,Degree Percentage,Degree CGPA,Live Backlogs,Education Gap,Year down,Internship Details
1,59,53,70,8,0,0,1,1
1,86,73,67,7,0,0,0,1
1,83,73,77,8,0,0,0,1
1,93,84,85,9,0,1,0,1
0,82,73,78,9,0,0,0,1
1,87,83,85,9,0,0,0,1
1,90,66,79,8,0,0,0,1
1,89,74,79,9,0,0,0,1
0,84,73,75,8,0,0,0,1
1,81,60,74,8,0,0,1,1
1,90,65,70,8,0,0,1,1
1,76,60,73,8,0,0,1,1
1,90,59,69,8,0,0,1,1
0,86,65,61,7,0,0,2,1
0,73,73,76,8,0,0,0,1
1,81,74,74,8,0,0,1,0
1,79,65,77,9,0,0,0,1
0,85,67,71,8,0,0,2,1
0,82,58,78,9,0,0,0,1
1,87,65,67,7,0,0,4,1
1,89,80,82,9,0,0,0,0
1,78,56,77,8,0,0,0,1
1,79,73,78,9,0,0,0,1
0,86,67,77,8,0,0,0,1
0,81,64,77,9,0,2,0,1
0,87,65,73,8,0,1,0,1
1,84,69,70,8,0,0,0,1
0,71,73,76,8,0,0,0,1
0,63,54,78,7,0,0,3,1
1,89,75,82,9,0,0,0,1
1,87,72,81,9,0,0,0,1
0,83,71,73,8,0,0,0,1
0,82,64,63,9,0,0,1,1
0,87,73,67,7,0,0,0,1
1,79,74,72,8,0,0,0,1
0,86,76,73,9,0,0,0,1
1,87,70,74,8,0,0,0,1
1,83,58,70,8,0,0,0,1
0,78,56,66,7,0,0,2,1
1,78,56,73,8,0,0,0,1
1,89,70,68,8,0,0,0,1
1,79,62,74,8,0,0,0,1
1,88,70,66,7,0,0,1,1
0,88,78,72,8,0,0,0,1
0,88,59,74,8,0,0,0,1
0,86,60,74,8,0,0,0,1
0,81,73,62,7,0,0,0,1
1,84,70,75,8,0,0,0,1
0,89,56,78,9,0,0,3,1
0,82,73,76,8,0,0,0,1
0,71,73,75,8,0,0,0,1
0,86,73,76,8,0,0,0,0
1,78,73,72,8,0,0,0,1
0,72,65,65,7,0,1,0,1
1,83,62,69,8,0,0,1,0
0,88,73,77,8,0,0,0,1
0,89,73,74,8,0,0,0,1
0,79,77,72,8,0,0,0,1
1,72,67,63,7,0,1,2,1
1,77,56,75,8,0,0,0,1
1,80,65,66,7,0,2,0,1
0,69,73,66,7,0,0,0,1
1,67,73,77,8,0,0,0,1
1,90,68,80,9,0,0,0,1
1,86,68,77,8,0,0,0,1
0,86,76,85,9,0,0,0,1
0,81,73,74,8,0,0,0,1
1,88,66,75,8,0,1,0,1
0,83,55,58,6,0,0,1,1
1,90,66,72,8,0,0,0,1
0,82,56,62,7,0,0,1,1
0,74,61,78,9,0,0,0,1
0,71,62,68,8,0,2,2,1
1,88,69,83,9,0,0,0,1
1,89,61,75,8,0,0,0,1
1,74,67,75,8,0,0,0,1
1,84,69,76,8,0,0,0,1
1,88,66,77,8,0,0,0,1
1,63,60,81,9,0,0,0,1
0,93,73,84,9,0,0,0,1
1,83,75,78,9,0,0,0,1
0,92,71,71,8,0,0,0,1
1,95,78,80,9,0,0,0,1
0,88,64,79,8,0,0,0,1
1,93,69,86,9,0,0,0,1
1,92,73,98,9,0,0,0,1
0,63,73,78,9,0,0,0,0
1,86,66,72,8,0,0,0,1
1,90,73,78,9,0,0,0,1
1,94,73,78,9,0,0,0,1
1,95,78,84,9,0,0,0,1
1,94,69,78,9,0,0,0,1
1,82,66,76,8,0,1,0,1
0,90,73,86,9,0,0,0,1
1,94,73,96,10,0,0,0,1
1,86,64,78,9,0,0,0,1
0,85,74,75,8,0,0,0,1
0,78,64,75,8,0,0,0,1
0,81,65,74,8,0,0,0,1
0,87,55,69,8,0,0,0,1
1,92,73,80,9,0,0,0,1
0,95,78,95,10,0,0,0,1
1,89,83,83,9,0,0,0,1
1,92,68,74,8,0,0,0,1
0,90,79,82,9,0,0,0,1
1,95,73,95,10,0,0,0,1
1,96,73,78,9,0,0,0,1
0,94,76,75,8,0,0,0,1
0,90,73,78,9,0,0,0,0
0,78,68,78,9,0,0,0,1
0,79,59,78,9,0,0,1,1
0,98,73,92,10,0,0,0,1
0,75,73,74,8,0,0,0,1
1,76,64,78,9,0,1,0,1
1,86,73,82,9,0,0,0,1
1,92,73,91,10,0,0,0,1
1,86,73,91,10,0,0,0,1
0,93,77,85,9,0,0,0,1
1,89,75,76,8,0,0,0,1
0,84,73,82,9,0,0,0,0
1,89,73,88,9,0,0,0,1
0,76,80,71,8,0,0,0,1
0,87,73,93,10,0,0,0,1
1,84,73,78,9,0,1,0,1
0,88,73,87,9,0,0,0,1
1,89,73,79,9,0,0,0,0
1,87,73,75,8,0,0,0,1
0,92,73,78,9,0,0,0,1
0,90,73,88,10,0,0,0,1
0,83,70,78,9,0,0,0,0
1,86,73,79,9,0,0,0,0
0,84,62,78,9,0,0,0,0
0,82,78,79,9,0,0,0,1
1,93,81,78,9,0,0,0,1
0,90,73,85,9,0,0,0,1
1,96,73,87,9,0,0,0,1
1,86,70,78,9,0,0,0,1
1,82,61,77,8,0,0,0,1
0,86,71,74,8,0,0,0,1
0,84,70,78,9,0,0,0,1
1,87,63,78,9,0,0,0,1
0,86,75,76,8,0,0,0,1
0,82,80,76,8,0,0,0,1
0,85,59,70,8,0,1,1,1
0,88,73,78,9,0,0,0,1
1,87,74,79,9,0,0,0,1
0,91,74,67,7,0,0,1,0
1,93,68,77,8,0,0,0,0
0,84,81,82,9,0,0,0,1
1,89,94,85,9,0,0,0,1
0,67,68,78,9,0,0,0,1
1,77,83,85,9,0,0,0,1
0,94,79,83,9,0,0,0,1
0,89,73,84,9,0,0,0,1
1,90,76,92,10,0,0,0,1
1,92,73,87,9,0,0,0,1
0,82,75,86,9,0,0,0,1
0,93,80,69,8,0,0,0,1
1,79,62,76,8,0,0,0,1
0,80,63,72,9,0,0,0,1
1,86,87,82,9,0,0,0,1
0,85,73,86,9,0,0,0,1
1,83,79,85,9,0,0,0,1
0,87,70,80,9,0,0,0,1
0,91,82,78,9,0,0,0,1
1,87,66,57,7,0,0,0,1
0,77,73,84,9,0,0,0,1
1,96,81,83,9,0,0,0,1
0,74,73,78,9,0,0,0,1
0,87,73,78,9,0,0,0,1
0,82,73,88,9,0,0,0,1
1,77,73,78,9,0,0,0,0
0,87,76,80,9,0,0,0,1
1,87,73,81,9,0,0,0,1
0,87,73,79,9,0,0,0,1
0,83,72,65,9,0,0,0,1
1,78,73,70,8,0,0,0,1
0,80,74,78,9,0,0,0,1
1,86,81,72,8,0,0,0,0
1,88,70,82,9,0,0,0,1
1,92,89,82,9,0,0,0,1
1,78,73,78,9,0,0,0,1
0,92,74,78,9,0,0,0,1
0,86,57,78,9,0,0,0,1
1,76,64,73,8,0,0,0,1
1,83,67,73,8,0,0,1,1
1,80,65,77,8,0,0,0,1
0,77,73,78,9,0,0,0,1
0,84,63,75,8,0,0,1,0
1,90,63,78,8,0,0,0,1
1,82,57,53,7,0,2,2,1
1,93,76,85,9,0,0,0,1
0,74,77,84,9,0,0,0,1
0,93,69,67,8,0,0,0,1
1,68,61,80,9,0,0,1,1
0,65,85,84,10,0,0,0,1
0,86,67,74,8,0,0,0,1
1,92,73,87,9,0,0,0,1
0,95,76,71,8,0,1,1,1
0,84,81,82,9,0,0,0,1
0,92,74,78,9,0,0,1,1
0,88,64,73,8,0,0,0,1
0,73,60,72,8,0,0,1,1
0,86,73,85,9,0,0,0,1
0,75,58,85,9,0,0,0,1
1,91,73,86,9,0,0,0,1
0,74,50,78,9,0,1,0,1
0,77,65,78,9,0,0,0,1
0,86,73,90,9,0,0,0,1
0,87,73,83,9,0,0,0,0
0,88,68,78,9,0,0,0,1
1,80,73,78,9,0,0,0,1
1,86,73,85,9,0,0,0,1
0,81,73,98,10,0,0,0,1
0,93,73,85,9,0,0,0,1
0,68,53,78,9,0,0,0,1
0,92,73,78,9,0,0,0,1
0,89,73,78,9,0,0,0,1
0,92,73,84,9,0,0,0,0
1,87,73,83,9,0,0,0,1
0,94,73,68,8,0,0,0,1
0,93,73,90,9,0,0,0,1
1,88,73,78,9,0,0,0,1
1,92,73,86,9,0,0,0,1
0,73,73,86,9,0,0,0,0
0,83,73,68,8,0,0,0,1
0,84,73,78,9,0,0,0,1
1,92,73,88,9,0,0,0,1
1,84,73,81,9,0,0,0,1
1,96,73,96,10,0,0,0,1
0,78,59,91,10,0,0,0,1
0,92,67,78,9,0,0,0,1
0,81,73,78,9,0,0,0,1
0,92,73,87,9,0,0,0,1
1,91,73,82,9,0,0,0,1
0,88,73,86,9,0,0,0,1
0,82,73,83,9,0,0,0,1
0,85,73,82,9,0,0,0,1
1,91,89,99,10,0,0,0,1
0,89,73,83,9,0,0,0,1
1,73,73,84,9,0,0,0,1
1,93,84,87,10,0,0,0,1
1,67,64,68,8,0,0,2,1
1,95,91,83,9,0,0,0,1
1,83,73,83,9,0,0,0,1
1,95,84,81,9,0,0,0,1
1,86,86,90,10,0,0,0,1
1,95,90,99,10,0,0,0,1
1,82,63,81,9,0,0,0,1
1,76,70,82,9,0,0,0,1
1,96,94,91,10,0,0,0,1
1,85,88,92,10,0,1,0,1
1,91,73,76,8,0,0,0,1
1,91,68,83,9,0,0,0,0
1,91,66,80,9,0,1,0,1
0,91,68,71,8,0,0,0,1
1,95,83,88,9,0,0,0,1
1,92,74,90,10,0,0,0,1
1,83,89,81,9,0,0,0,1
1,87,82,90,9,0,0,0,1
1,93,74,62,7,0,0,0,1
1,95,86,88,9,0,0,0,1
1,94,89,90,9,0,0,0,1
1,90,91,91,10,0,0,0,1
1,94,79,88,9,0,0,0,1
1,92,73,82,9,0,0,0,1
1,88,74,73,9,0,0,0,1
1,95,84,88,10,0,0,0,1
1,89,83,86,9,0,0,0,1
0,84,81,68,7,0,0,0,1
1,93,85,89,10,0,0,0,1
1,94,86,60,7,0,0,0,1
1,89,79,82,9,0,0,0,1
1,87,79,80,9,0,0,0,1
1,82,63,73,8,0,0,0,1
1,95,84,77,8,0,0,0,1
0,91,72,81,8,0,1,0,1
1,92,79,70,8,0,0,0,1
1,75,73,78,9,0,0,0,1
1,83,69,80,9,0,0,0,1
1,85,79,84,9,0,0,0,1
1,85,74,82,9,0,0,0,1
1,95,80,85,9,0,0,0,1
1,83,73,85,9,0,0,0,1
1,91,86,90,10,0,0,0,1
1,93,85,85,10,0,0,0,1
1,94,87,95,10,0,0,0,1
1,79,65,73,9,0,0,0,1
1,85,72,91,10,0,0,0,1
1,88,79,93,10,0,0,0,1
1,88,73,86,9,0,0,0,1
1,92,69,70,8,0,0,0,1
0,76,75,91,10,0,0,0,1
1,86,80,84,9,0,0,0,1
1,94,89,94,10,0,0,0,1
1,81,73,83,9,0,0,0,1
0,83,71,68,8,0,0,0,1
1,91,72,82,9,0,0,0,1
1,95,73,90,10,0,0,0,1
1,93,86,94,10,0,0,0,1
1,94,72,87,9,0,0,0,1
1,94,83,91,10,0,0,0,1
1,89,60,73,8,0,0,0,1
1,94,82,86,9,0,0,0,1
1,94,87,87,9,0,0,0,1
1,96,93,96,10,0,0,0,1
1,84,73,81,9,0,0,0,1
1,78,73,80,9,0,0,0,1
1,91,79,85,9,0,0,0,1
1,88,73,83,9,0,0,0,1
1,92,73,86,9,0,0,0,1
1,92,77,81,9,0,0,0,1
1,89,73,86,9,0,0,0,1
0,66,55,65,9,0,0,2,1
1,87,73,87,9,0,0,0,1
1,89,81,74,8,0,0,0,1
1,85,70,80,9,0,0,0,1
1,81,54,72,8,0,0,1,1
0,83,67,70,8,0,1,1,1
1,92,86,88,10,0,0,0,1
1,86,70,81,9,0,0,0,1
0,80,62,64,8,0,0,0,1
1,92,75,89,9,0,0,0,1
1,94,77,77,8,0,0,0,1
1,96,95,84,10,0,0,0,1
1,85,69,65,7,0,0,0,1
1,96,84,86,9,0,0,0,1
1,78,64,66,7,0,0,1,1
1,86,66,66,8,0,0,0,1
1,86,71,71,8,0,0,0,1
0,69,62,65,7,0,0,0,1
1,92,65,74,8,0,0,0,1
1,86,73,90,9,0,0,0,1
1,95,90,75,8,0,0,0,1
0,95,83,78,9,0,1,0,1
1,88,78,80,9,0,0,0,1
1,86,70,71,8,0,0,1,1
0,86,73,78,9,0,0,0,1
1,65,65,77,8,0,0,0,1
1,93,80,90,9,0,0,0,1
1,88,68,69,7,0,0,0,1
1,90,74,80,9,0,0,0,1
1,92,75,83,9,0,0,0,1
1,67,57,63,7,0,0,1,1
1,89,89,85,9,0,0,0,1
1,89,73,86,9,0,0,0,1
1,93,88,88,10,0,0,0,1
1,63,63,75,8,0,0,0,1
1,83,78,85,9,0,0,0,1
1,82,73,74,8,0,0,0,1
1,92,62,80,9,0,0,0,1
1,92,81,86,9,0,0,0,1
1,75,72,75,8,0,0,0,1
1,95,84,87,9,0,0,0,1
1,62,58,67,9,0,0,0,1
1,95,84,86,9,0,0,0,1
1,78,63,69,8,0,0,1,1
1,89,85,87,9,0,0,0,1
1,82,77,79,10,0,0,0,1
1,88,77,78,9,0,0,0,0
1,86,77,85,9,0,1,0,1
1,92,70,75,8,0,0,0,1
1,86,85,84,9,0,0,0,1
1,85,72,80,9,0,1,0,1
1,88,73,82,9,0,0,0,1
1,90,62,75,8,0,0,0,1
1,90,73,70,8,0,0,0,1
1,78,62,75,8,0,0,0,1
1,80,77,78,9,0,0,0,1
1,87,75,81,9,0,0,0,1
0,95,80,74,9,1,1,0,1
1,95,76,88,9,0,0,0,1
0,73,63,66,7,0,0,0,1
1,75,64,77,8,0,0,0,1
1,81,65,92,10,0,0,0,1
1,64,61,72,8,0,0,0,1
1,87,78,77,8,0,0,0,1
1,93,83,88,9,0,0,0,1
1,84,63,78,8,0,1,0,1
1,83,64,77,8,0,0,1,1
1,89,63,76,8,0,0,0,1
1,87,66,80,9,0,0,0,1
1,62,65,66,7,0,1,1,1
1,88,82,79,9,0,0,0,1
1,95,83,89,10,0,0,0,1
1,86,70,78,9,0,1,0,1
1,84,72,85,9,0,0,0,1
0,95,81,75,8,0,0,0,1
1,92,75,76,8,0,0,0,1
1,63,70,67,7,0,0,1,1
1,75,73,75,8,0,0,0,1
0,80,67,78,9,0,0,0,1
0,80,59,70,8,0,0,0,1
1,93,80,82,9,0,0,0,1
1,71,65,72,8,0,0,0,1
1,95,79,79,9,0,0,0,1
1,86,81,80,8,0,0,0,1
1,74,72,74,8,0,0,0,1
1,90,80,83,9,0,0,0,1
0,91,63,64,8,0,0,0,1
1,85,73,79,9,0,0,0,1
1,82,75,70,8,0,0,0,1
1,86,73,80,8,0,0,0,1
1,82,73,85,9,0,0,0,1
1,92,80,94,10,0,0,0,1
1,69,60,70,8,0,0,1,1
0,92,67,72,8,0,0,0,1
1,90,79,92,10,0,0,0,1
0,86,60,71,8,0,1,1,1
1,90,89,83,9,0,0,0,1
1,79,73,82,9,0,0,0,1
1,98,91,98,10,0,0,0,1
1,95,84,92,10,0,0,0,1
1,94,87,78,8,0,0,0,1
1,71,60,77,8,0,0,0,1
1,87,64,77,8,0,1,0,1
1,87,77,84,9,0,1,0,1
0,92,64,64,9,0,0,0,1
1,83,69,82,9,0,0,0,1
1,93,80,82,9,0,1,0,1
1,92,74,85,9,0,0,0,1
0,63,66,62,7,0,0,0,1
1,88,66,70,8,0,0,1,1
1,84,69,77,8,0,0,0,1
1,92,70,81,9,0,0,0,1
1,94,81,77,9,0,0,0,1
1,92,72,85,9,0,0,0,1
1,81,71,79,8,0,0,0,1
1,74,73,82,9,0,0,0,1
1,84,74,85,9,0,1,0,1
1,85,86,74,8,0,1,0,1
0,72,67,71,8,0,0,0,1
1,86,73,89,9,0,0,0,1
1,95,85,81,9,0,0,0,1
1,85,84,82,9,0,0,0,1
1,89,71,81,9,0,0,0,1
1,87,73,85,9,0,0,0,1
0,87,68,59,8,0,0,0,1
1,92,81,88,9,0,0,0,1
1,84,73,85,9,0,0,0,1
1,92,76,84,10,0,0,0,1
1,90,72,79,9,0,0,0,1
1,91,60,75,8,0,0,0,1
1,83,73,77,8,0,0,0,1
1,90,70,82,9,0,0,0,1
1,82,64,82,9,0,0,0,1
1,94,73,82,9,0,1,0,1
1,94,79,86,9,0,0,0,1
1,90,73,81,9,0,0,0,1
1,83,58,58,7,0,0,0,1
1,76,67,82,9,0,0,0,1
1,94,82,63,7,0,0,0,1
1,81,73,81,9,0,0,0,1
1,94,83,86,9,0,0,0,1
1,86,81,87,9,0,0,0,1
0,66,90,81,8,0,1,0,1
0,80,63,64,7,0,0,1,1
1,86,65,79,9,0,0,0,1
1,77,73,83,9,0,0,0,1
1,80,60,75,8,0,0,0,1
0,94,73,87,9,0,0,0,1
1,75,74,74,8,0,1,0,1
1,89,89,88,10,0,0,0,1
1,84,73,75,8,0,0,0,1
1,87,70,77,9,0,0,0,1
1,91,76,83,9,0,0,0,1
1,91,80,81,9,0,0,0,1
1,86,73,76,9,0,1,0,1
1,88,72,80,8,0,0,0,1
1,88,73,77,9,0,0,0,1
1,81,81,83,9,0,0,0,1
1,88,73,79,9,0,0,0,1
1,79,73,72,8,0,0,0,1
1,85,74,83,9,0,0,0,1
1,94,78,79,9,0,0,0,1
1,87,88,87,9,0,0,0,1
1,93,80,83,9,0,0,0,1
1,91,69,79,9,5,0,0,1
1,83,76,83,9,0,0,0,1
1,78,63,77,8,0,0,0,1
1,91,81,69,8,0,0,0,1
1,94,76,82,9,0,0,0,1
1,93,75,90,10,0,0,0,1
1,89,79,85,9,0,0,0,1
1,82,63,69,8,0,0,1,1
1,84,75,76,8,0,0,0,1
1,86,75,74,8,0,0,0,1
1,96,76,81,10,0,0,0,1
1,86,74,80,9,0,1,0,1
1,84,73,76,8,0,0,0,1
1,91,60,62,8,0,0,3,1
1,76,73,81,9,0,1,0,1
1,68,56,73,8,0,1,0,1
1,80,72,69,8,0,0,0,1
1,73,75,82,9,0,0,0,1
1,89,70,82,9,0,0,0,1
1,92,73,83,9,0,0,0,1
1,92,83,89,10,0,0,0,1
1,88,70,79,9,0,0,0,1
1,91,80,90,10,0,1,0,1
1,85,81,74,8,0,0,0,1
1,76,60,76,8,0,0,0,1
0,82,62,71,7,0,0,2,1
1,95,77,85,9,0,0,0,1
1,94,82,88,10,0,0,0,1
1,91,82,80,10,0,0,0,1
1,89,73,88,10,0,0,0,1
1,83,64,70,8,0,0,1,1
1,85,70,86,9,0,0,0,1
1,93,80,88,10,0,0,0,1
0,91,71,72,8,0,0,0,1
1,87,80,70,8,0,0,0,1
1,94,87,85,9,0,0,0,1
1,85,59,75,8,0,0,0,1
0,92,78,73,8,0,0,0,1
1,89,72,74,8,0,0,1,1
1,88,77,82,9,0,0,0,1
1,92,76,94,10,0,0,0,1
1,57,58,79,9,0,2,0,1
0,69,86,82,9,0,0,0,1
1,93,87,84,9,0,0,0,1
1,83,70,80,9,0,0,0,1
1,78,79,77,8,0,0,0,1
1,79,63,72,9,0,0,0,1
1,84,73,86,9,0,0,0,1
1,83,85,82,9,0,0,0,1
1,81,65,80,9,0,0,0,1
1,82,70,64,7,0,0,1,1
0,80,70,74,8,0,0,1,1
1,88,69,70,7,0,0,0,1
1,94,76,77,8,0,0,0,1
1,86,77,73,8,0,0,0,1
1,91,84,84,10,0,0,0,1
1,82,74,77,8,0,0,0,1
0,89,75,78,9,0,0,0,1
1,92,79,78,9,0,0,0,1
1,74,77,75,8,0,0,0,1
1,84,59,66,7,0,0,0,1
1,76,74,79,8,0,0,0,1
1,76,62,72,8,0,1,0,1
1,90,84,84,9,0,0,0,1
1,95,85,79,9,0,0,0,1
1,94,84,85,9,0,0,0,1
1,86,73,83,10,0,0,0,1
1,80,71,75,8,0,0,0,1
1,80,73,81,9,0,0,0,1
1,88,76,75,9,0,0,0,1
1,95,85,89,10,0,0,0,1
1,68,73,83,9,0,0,0,1
1,92,80,83,9,0,0,0,1
1,93,90,81,9,0,0,0,1
1,95,76,81,9,0,0,0,1
0,89,59,73,8,0,0,0,1
1,96,89,89,9,0,0,0,1
1,88,77,83,9,0,0,0,1
1,82,76,75,8,0,0,0,1
1,91,72,80,9,0,0,0,1
1,89,72,79,9,0,0,0,1
1,93,73,84,9,0,0,0,1
1,89,80,75,8,0,0,0,1
1,85,78,83,10,0,0,0,1
1,79,67,72,8,0,0,0,1
1,73,57,69,8,0,0,0,1
1,92,79,81,9,0,0,0,1
1,85,68,84,9,0,0,0,1
1,76,80,83,9,0,0,0,1
1,83,73,81,9,0,0,0,1
1,90,69,82,9,0,0,0,1
1,86,71,81,9,0,0,0,1
1,84,67,74,8,0,0,0,1
1,79,55,76,8,0,0,0,1
1,84,69,77,9,0,0,0,1
1,96,82,80,9,0,0,0,1
1,87,68,81,9,0,0,0,1
1,92,73,79,9,0,0,0,1
1,91,75,79,9,0,0,0,1
1,71,58,73,8,0,0,0,1
1,82,68,70,8,0,0,0,1
0,70,60,78,9,2,1,1,1
1,86,81,72,8,0,0,0,1
1,85,57,74,8,0,1,1,1
1,84,62,75,8,0,0,0,1
0,87,70,78,9,1,0,0,1
1,91,79,85,9,0,0,0,1
1,85,62,83,9,0,0,0,1
1,82,67,79,8,0,0,0,1
1,85,73,85,9,0,0,0,1
1,72,66,72,8,0,1,0,1
1,95,78,88,9,0,1,0,1
1,82,81,90,10,0,0,0,1
1,92,75,89,9,0,0,0,1
0,86,76,83,9,0,0,0,0
1,81,75,76,8,0,0,0,1
1,91,80,85,9,0,0,0,1
1,81,70,76,8,0,0,0,1
1,90,81,90,9,0,0,0,1
1,96,84,87,10,0,0,0,1
1,84,77,64,7,0,0,1,1
1,68,54,74,8,0,0,1,1
1,78,73,89,10,0,0,0,1
1,91,85,88,10,0,0,0,1
1,84,73,83,9,0,0,0,1
1,85,85,76,8,0,0,0,1
1,88,74,78,9,0,0,0,1
1,83,73,80,9,0,0,0,1
1,92,69,82,9,0,0,0,1
1,86,83,72,8,0,0,0,1
0,77,56,64,7,0,0,1,1
1,95,85,88,9,0,0,0,1
1,93,79,77,9,0,0,0,1
1,86,74,78,9,0,0,0,1
1,93,77,74,9,0,0,0,1
1,85,78,88,10,0,0,0,1
1,95,67,72,8,0,0,0,0
1,83,73,87,9,0,0,0,1
1,93,73,80,9,0,0,0,1
1,90,79,78,9,0,0,0,1
1,76,64,71,8,0,0,0,1
1,87,76,85,9,0,0,0,1
0,88,70,80,9,0,0,0,1
1,63,64,74,8,0,0,0,1
0,77,73,65,9,0,0,0,1
0,96,73,89,9,0,0,0,1
0,85,67,70,8,0,0,0,1
0,84,73,82,10,0,0,0,1
1,87,81,90,9,0,0,0,1
1,61,74,78,9,0,0,1,1
1,91,60,87,9,0,1,0,1
1,95,65,78,9,0,1,0,1
1,92,73,81,9,0,0,0,1
0,66,60,77,9,0,0,0,1
1,95,78,75,8,0,0,0,1
1,92,65,76,9,0,0,0,1
0,70,54,78,9,0,0,0,1
1,93,78,87,9,0,0,0,0
0,92,68,90,10,0,0,0,1
1,94,84,87,9,0,0,0,1
0,87,80,70,9,0,0,0,1
1,81,71,77,9,0,0,0,1
1,96,81,80,9,0,0,0,1
0,86,69,71,8,0,0,0,1
1,63,64,66,8,0,0,1,1
1,94,70,78,9,0,0,1,1
1,94,71,77,9,0,0,0,1
0,72,60,74,8,0,0,0,1
1,91,77,83,9,0,0,0,1
1,93,87,81,9,0,0,0,1
1,90,78,84,9,0,0,0,1
1,84,72,84,9,0,0,0,1
1,92,85,84,10,0,0,0,1
0,77,53,81,9,0,0,0,1
1,90,82,84,9,0,0,0,1
1,73,73,74,8,0,0,3,1
1,91,79,79,9,0,0,0,0
1,80,73,78,9,0,0,0,1
0,80,73,89,10,0,0,0,1
1,89,81,78,9,0,0,0,1
0,93,77,81,9,0,0,0,1
1,90,73,91,10,0,0,0,1
0,88,73,81,9,0,0,0,1
0,69,73,81,9,0,0,0,1
0,92,84,80,9,0,0,0,1
1,85,66,78,9,0,0,0,1
0,82,73,81,9,0,0,0,1
1,93,79,84,9,0,0,0,1
0,91,86,88,10,0,0,0,1
1,78,73,76,8,0,0,0,1
1,82,64,77,8,0,0,0,1
0,88,73,78,8,0,0,0,1
1,87,73,81,9,0,0,0,1
0,74,79,78,9,0,0,1,1
1,93,86,89,10,0,0,0,1
1,87,64,75,8,0,0,0,1
1,91,83,86,9,0,0,0,1
0,78,71,77,9,0,0,0,1
1,89,80,81,9,0,0,0,1
1,92,79,78,9,0,0,0,1
0,91,67,81,9,0,0,0,1
1,82,71,82,9,0,0,0,1
1,89,93,71,9,0,0,0,1
1,83,73,82,9,0,0,0,1
1,93,87,79,9,0,0,0,1
1,90,82,87,9,0,0,0,1
1,92,82,72,9,0,0,0,1
0,84,68,62,9,0,0,0,1
1,88,69,79,9,0,0,0,1
0,80,64,79,9,0,0,1,1
1,85,70,77,8,0,0,0,1
1,94,86,78,9,0,0,0,1
0,87,73,85,9,0,0,0,1
1,89,84,76,8,0,0,0,1
0,87,91,82,9,0,0,0,1
1,95,90,89,10,0,0,0,1
1,92,73,92,10,0,0,0,1
1,94,92,84,10,0,0,0,0
0,85,80,86,9,0,0,0,1
1,93,83,77,8,0,0,0,1
1,78,69,69,9,0,0,0,1
1,84,81,79,9,0,0,0,1
1,91,80,87,9,0,0,0,1
0,90,86,79,9,0,0,0,1
1,93,78,77,9,0,0,0,1
1,94,74,76,9,0,0,0,1
1,91,83,90,10,0,0,0,1
0,82,72,89,10,0,0,0,1
1,90,77,78,9,0,1,0,1
1,93,73,89,10,0,0,0,1
1,84,90,81,9,0,0,0,1
0,91,73,83,9,0,0,0,1
1,88,74,79,9,0,0,0,1
0,94,72,77,8,0,0,0,1
1,83,86,83,9,0,0,0,1
1,82,69,78,9,0,0,0,1
1,83,61,73,9,0,0,0,1
1,91,84,81,9,0,0,0,1
1,87,78,79,9,0,0,0,1
1,93,80,81,9,0,0,0,1
0,83,86,77,9,0,0,0,1
0,90,71,84,9,0,0,0,1
1,86,55,73,8,0,0,0,1
1,90,73,77,9,0,0,0,1
0,79,64,74,8,0,0,0,1
0,88,75,81,9,0,0,0,1
1,91,79,80,9,0,0,0,1
1,92,73,78,9,0,0,0,0
0,90,87,80,9,0,0,0,1
1,95,78,81,9,0,0,0,1
1,92,80,81,9,0,0,0,1
1,84,77,87,9,0,0,0,1
1,85,70,78,9,0,0,0,1
0,92,72,68,8,0,1,1,1
1,88,73,88,9,0,0,0,1
0,82,73,76,9,0,0,0,1
1,95,77,81,9,0,0,0,1
0,84,77,80,9,0,0,0,1
1,95,73,85,10,0,0,0,1
0,89,73,61,9,0,0,0,1
1,97,78,81,9,0,0,0,1
1,57,53,70,9,0,2,0,1
0,80,64,71,8,0,0,1,0
1,78,73,79,9,0,0,0,1
0,92,64,75,8,0,0,0,1
1,92,73,90,10,0,0,0,1
0,89,64,63,7,0,0,2,1
1,73,73,84,9,0,0,0,1
0,87,73,74,9,0,0,0,1
1,83,73,84,10,0,0,0,1
1,84,76,81,9,0,0,0,1
1,80,54,78,8,0,0,0,1
1,80,72,75,8,0,0,0,1
1,79,76,78,9,0,0,0,1
1,94,84,85,9,0,0,0,1
1,87,77,85,9,0,0,0,1
1,85,82,75,8,0,0,0,1
0,94,83,77,9,0,0,0,1
1,95,85,83,9,0,0,0,1
0,90,92,82,9,0,0,0,1
1,92,72,83,9,0,0,0,1
0,89,83,89,10,0,0,0,1
1,88,83,82,9,0,0,0,1
1,97,68,78,9,0,0,0,1
0,81,61,76,8,0,0,0,1
0,86,75,86,10,0,0,0,1
0,92,86,88,10,0,0,0,1
0,87,63,78,9,0,0,0,1
0,93,82,78,9,0,0,0,1
0,67,54,63,9,0,0,0,1
1,89,78,85,9,0,0,0,1
1,78,79,85,9,0,1,0,1
1,91,74,80,9,0,0,0,1
1,70,57,77,8,0,0,0,1
0,74,60,79,9,0,0,0,1
1,89,80,84,10,0,0,0,1
1,97,79,85,10,0,0,0,1
0,80,73,78,9,0,0,0,1
1,92,81,79,9,0,0,0,1
1,90,85,85,9,0,0,0,1
1,68,73,78,9,0,1,0,1
0,74,58,70,8,0,0,2,1
1,85,69,74,8,0,0,0,1
1,84,58,86,9,0,0,0,1
1,90,74,83,9,0,0,0,1
1,96,89,87,9,0,0,0,1
0,65,73,63,9,0,0,0,1
0,82,65,78,7,0,0,0,1
1,92,82,81,9,0,0,0,1
1,84,74,74,8,0,0,0,1
1,78,69,82,9,0,0,0,1
0,87,73,91,10,0,0,0,1
1,89,73,88,10,0,0,0,1
1,95,73,90,10,0,0,0,1
0,92,73,83,9,0,0,0,1
0,88,73,87,9,0,0,0,1
1,95,73,90,10,0,0,0,1
1,92,73,89,10,0,0,0,1
1,90,73,85,9,0,0,0,1
1,92,73,88,10,0,0,0,1
1,94,73,90,10,0,0,0,1
0,71,50,81,9,0,0,0,1
1,94,73,90,10,0,0,0,1
1,94,73,87,9,0,0,0,1
1,89,69,71,8,0,0,1,1
1,79,73,75,9,0,0,0,1
1,86,73,90,10,0,0,0,0
0,77,73,59,8,0,0,0,1
0,89,73,67,7,0,0,0,1
1,77,73,72,8,0,0,0,1
1,83,73,75,8,0,2,0,1
0,90,83,79,9,0,0,0,1
1,69,63,55,6,0,0,0,0
0,77,68,71,8,0,0,0,1
1,72,73,62,7,0,0,0,1
0,85,75,78,9,1,0,1,1
0,86,57,57,7,0,0,0,1
0,75,73,60,7,0,0,0,1
1,83,73,74,8,0,0,0,1
1,82,73,61,7,0,0,0,1
0,78,73,78,9,0,0,0,1
0,81,70,61,7,0,0,4,1
0,72,75,59,7,0,0,0,1
1,87,73,74,8,0,0,0,1
1,95,69,66,7,0,0,0,1
0,80,70,58,6,0,0,0,1
1,72,73,66,8,0,0,0,1
0,73,55,58,7,0,0,0,1
0,95,65,62,7,0,2,0,1
1,87,73,62,7,0,0,0,1
0,87,73,70,8,0,1,0,1
1,77,73,66,7,0,0,0,1
1,89,74,73,8,0,0,0,1
1,70,87,65,8,0,0,0,1
1,84,73,60,7,0,0,0,1
1,74,73,70,8,0,0,0,1
0,77,73,65,7,0,0,0,0
0,77,74,52,6,0,0,0,1
0,94,74,69,8,0,0,0,1
0,69,68,68,7,0,0,0,1
1,90,63,67,7,0,0,0,1
0,93,79,78,9,0,0,0,0
0,85,73,78,9,0,0,0,0
1,78,59,64,7,0,0,1,1
1,87,73,75,8,0,0,0,1
0,88,58,78,9,0,2,2,1
0,71,73,62,6,1,0,0,1
1,66,61,59,7,0,2,1,1
0,90,73,67,7,0,0,0,1
0,86,73,65,8,0,0,0,1
1,81,65,69,8,0,1,0,1
0,81,57,43,7,0,0,0,1
0,73,58,66,7,0,0,0,1
0,84,66,60,5,8,1,0,1
0,83,61,77,8,0,0,0,1
1,80,60,60,7,0,1,0,1
0,84,70,67,7,0,0,0,1
0,87,66,58,7,0,1,1,1
1,77,73,78,9,0,0,0,1
